Metric,Train,Test
R2,0.8600629305430858,0.7500603481873117
RMSE,0.5976188442990711,0.8019979317336281
MAE,0.4311720255538721,0.5976766834157586
